{"opt": {"simstartyear": 2000, "simtvec": {"np_array": [2000.0, 2000.1, 2000.1999999999998, 2000.2999999999997, 2000.3999999999996, 2000.4999999999995, 2000.5999999999995, 2000.6999999999994, 2000.7999999999993, 2000.8999999999992, 2000.999999999999, 2001.099999999999, 2001.199999999999, 2001.2999999999988, 2001.3999999999987, 2001.4999999999986, 2001.5999999999985, 2001.6999999999985, 2001.7999999999984, 2001.8999999999983, 2001.9999999999982, 2002.099999999998, 2002.199999999998, 2002.299999999998, 2002.3999999999978, 2002.4999999999977, 2002.5999999999976, 2002.6999999999975, 2002.7999999999975, 2002.8999999999974, 2002.9999999999973, 2003.0999999999972, 2003.199999999997, 2003.299999999997, 2003.399999999997, 2003.4999999999968, 2003.5999999999967, 2003.6999999999966, 2003.7999999999965, 2003.8999999999965, 2003.9999999999964, 2004.0999999999963, 2004.1999999999962, 2004.299999999996, 2004.399999999996, 2004.499999999996, 2004.5999999999958, 2004.6999999999957, 2004.7999999999956, 2004.8999999999955, 2004.9999999999955, 2005.0999999999954, 2005.1999999999953, 2005.2999999999952, 2005.399999999995, 2005.499999999995, 2005.599999999995, 2005.6999999999948, 2005.7999999999947, 2005.8999999999946, 2005.9999999999945, 2006.0999999999945, 2006.1999999999944, 2006.2999999999943, 2006.3999999999942, 2006.499999999994, 2006.599999999994, 2006.699999999994, 2006.7999999999938, 2006.8999999999937, 2006.9999999999936, 2007.0999999999935, 2007.1999999999935, 2007.2999999999934, 2007.3999999999933, 2007.4999999999932, 2007.599999999993, 2007.699999999993, 2007.799999999993, 2007.8999999999928, 2007.9999999999927, 2008.0999999999926, 2008.1999999999925, 2008.2999999999925, 2008.3999999999924, 2008.4999999999923, 2008.5999999999922, 2008.699999999992, 2008.799999999992, 2008.899999999992, 2008.9999999999918, 2009.0999999999917, 2009.1999999999916, 2009.2999999999915, 2009.3999999999915, 2009.4999999999914, 2009.5999999999913, 2009.6999999999912, 2009.799999999991, 2009.899999999991, 2009.999999999991, 2010.0999999999908, 2010.1999999999907, 2010.2999999999906, 2010.3999999999905, 2010.4999999999905, 2010.5999999999904, 2010.6999999999903, 2010.7999999999902, 2010.89999999999, 2010.99999999999, 2011.09999999999, 2011.1999999999898, 2011.2999999999897, 2011.3999999999896, 2011.4999999999895, 2011.5999999999894, 2011.6999999999894, 2011.7999999999893, 2011.8999999999892, 2011.999999999989, 2012.099999999989, 2012.199999999989, 2012.2999999999888, 2012.3999999999887, 2012.4999999999886, 2012.5999999999885, 2012.6999999999884, 2012.7999999999884, 2012.8999999999883, 2012.9999999999882, 2013.099999999988, 2013.199999999988, 2013.299999999988, 2013.3999999999878, 2013.4999999999877, 2013.5999999999876, 2013.6999999999875, 2013.7999999999874, 2013.8999999999874, 2013.9999999999873, 2014.0999999999872, 2014.199999999987, 2014.299999999987, 2014.399999999987, 2014.4999999999868, 2014.5999999999867, 2014.6999999999866, 2014.7999999999865, 2014.8999999999864, 2014.9999999999864, 2015.0999999999863, 2015.1999999999862, 2015.299999999986, 2015.399999999986, 2015.499999999986, 2015.5999999999858, 2015.6999999999857, 2015.7999999999856, 2015.8999999999855, 2015.9999999999854, 2016.0999999999854, 2016.1999999999853, 2016.2999999999852, 2016.399999999985, 2016.499999999985, 2016.599999999985, 2016.6999999999848, 2016.7999999999847, 2016.8999999999846, 2016.9999999999845, 2017.0999999999844, 2017.1999999999844, 2017.2999999999843, 2017.3999999999842, 2017.499999999984, 2017.599999999984, 2017.699999999984, 2017.7999999999838, 2017.8999999999837, 2017.9999999999836, 2018.0999999999835, 2018.1999999999834, 2018.2999999999834, 2018.3999999999833, 2018.4999999999832, 2018.599999999983, 2018.699999999983, 2018.799999999983, 2018.8999999999828, 2018.9999999999827, 2019.0999999999826, 2019.1999999999825, 2019.2999999999824, 2019.3999999999824, 2019.4999999999823, 2019.5999999999822, 2019.699999999982, 2019.799999999982, 2019.899999999982, 2019.9999999999818, 2020.0999999999817, 2020.1999999999816, 2020.2999999999815, 2020.3999999999814, 2020.4999999999814, 2020.5999999999813, 2020.6999999999812, 2020.799999999981, 2020.899999999981, 2020.999999999981, 2021.0999999999808, 2021.1999999999807, 2021.2999999999806, 2021.3999999999805, 2021.4999999999804, 2021.5999999999804, 2021.6999999999803, 2021.7999999999802, 2021.89999999998, 2021.99999999998, 2022.09999999998, 2022.1999999999798, 2022.2999999999797, 2022.3999999999796, 2022.4999999999795, 2022.5999999999794, 2022.6999999999794, 2022.7999999999793, 2022.8999999999792, 2022.999999999979, 2023.099999999979, 2023.199999999979, 2023.2999999999788, 2023.3999999999787, 2023.4999999999786, 2023.5999999999785, 2023.6999999999784, 2023.7999999999784, 2023.8999999999783, 2023.9999999999782, 2024.099999999978, 2024.199999999978, 2024.299999999978, 2024.3999999999778, 2024.4999999999777, 2024.5999999999776, 2024.6999999999775, 2024.7999999999774, 2024.8999999999774, 2024.9999999999773, 2025.0999999999772, 2025.199999999977, 2025.299999999977, 2025.399999999977, 2025.4999999999768, 2025.5999999999767, 2025.6999999999766, 2025.7999999999765, 2025.8999999999764, 2025.9999999999764, 2026.0999999999763, 2026.1999999999762, 2026.299999999976, 2026.399999999976, 2026.499999999976, 2026.5999999999758, 2026.6999999999757, 2026.7999999999756, 2026.8999999999755, 2026.9999999999754, 2027.0999999999754, 2027.1999999999753, 2027.2999999999752, 2027.399999999975, 2027.499999999975, 2027.599999999975, 2027.6999999999748, 2027.7999999999747, 2027.8999999999746, 2027.9999999999745, 2028.0999999999744, 2028.1999999999744, 2028.2999999999743, 2028.3999999999742, 2028.499999999974, 2028.599999999974, 2028.699999999974, 2028.7999999999738, 2028.8999999999737, 2028.9999999999736, 2029.0999999999735, 2029.1999999999734, 2029.2999999999734, 2029.3999999999733, 2029.4999999999732, 2029.599999999973, 2029.699999999973, 2029.799999999973, 2029.8999999999728, 2029.9999999999727], "np_dtype": "float64"}, "parstartyear": 2000, "simendyear": 2030,